{"energy": 27803728, "ave_query_latency": 37.32103533744812, "gpu_frequency": 1082.0, "gpu_utilization": 100.0, "all_query_latencies": [36.48292589187622, 38.147188901901245, 36.92614793777466, 38.1670401096344, 36.88187384605408]}