{"energy": 102941083, "ave_query_latency": 36.85625982284546, "gpu_frequency": 1023.4999999999999, "gpu_utilization": 99.5, "all_query_latencies": [36.273600339889526, 36.488744258880615, 36.78628635406494, 36.81614279747009, 36.89091897010803, 36.88553524017334, 36.940956354141235, 36.787012815475464, 36.933234214782715, 36.95410180091858, 36.98321509361267, 36.87645697593689, 36.950392961502075, 36.9852933883667, 36.94700622558594, 36.95606327056885, 36.76944875717163, 37.051273822784424, 36.77121663093567, 37.078296184539795]}