{"energy": 26310097, "ave_query_latency": 38.560317039489746, "gpu_frequency": 1000.0, "gpu_utilization": 99.58333333333334, "all_query_latencies": [37.68354821205139, 39.4483437538147, 38.212924003601074, 37.92075514793396, 39.53601408004761]}