{"energy": 22701578, "ave_query_latency": 38.14894723892212, "gpu_frequency": 1098.5, "gpu_utilization": 100.0, "all_query_latencies": [37.47469997406006, 37.566481828689575, 39.387187242507935, 38.05433702468872, 38.26203012466431]}