{"energy": 24972137, "ave_query_latency": 38.22950239181519, "gpu_frequency": 1022.0, "gpu_utilization": 100.0, "all_query_latencies": [38.82052206993103, 37.918915033340454, 38.14152693748474, 38.003605127334595, 38.26294279098511]}